{
  "abstention": 0.3,
  "accuracy": 0.84375,
  "answer_format_compliance": 0.6666666666666666,
  "by_query_type": {
    "abstention": {
      "abstention": 0.2222222222222222,
      "answer_format_compliance": 0.2222222222222222,
      "groundedness": 0.2222222222222222,
      "num_predictions": 9
    },
    "comparison": {
      "accuracy": 0.7,
      "answer_format_compliance": 0.6,
      "groundedness": 0.7,
      "num_predictions": 10
    },
    "follow_up": {
      "abstention": 1.0,
      "accuracy": 0.75,
      "answer_format_compliance": 0.7777777777777778,
      "groundedness": 0.7777777777777778,
      "num_predictions": 9
    },
    "single_doc": {
      "accuracy": 1.0,
      "answer_format_compliance": 0.9285714285714286,
      "groundedness": 1.0,
      "num_predictions": 14
    }
  },
  "ci": {
    "abstention": {
      "alpha": 0.05,
      "ci_hi": 0.6,
      "ci_lo": 0.0,
      "mean": 0.3,
      "n": 10,
      "num_resamples": 1000
    },
    "accuracy": {
      "alpha": 0.05,
      "ci_hi": 0.96875,
      "ci_lo": 0.71875,
      "mean": 0.84375,
      "n": 32,
      "num_resamples": 1000
    },
    "answer_format_compliance": {
      "alpha": 0.05,
      "ci_hi": 0.8095238095238095,
      "ci_lo": 0.5238095238095238,
      "mean": 0.6666666666666666,
      "n": 42,
      "num_resamples": 1000
    },
    "citation_precision": {
      "alpha": 0.05,
      "ci_hi": 0.6309523809523809,
      "ci_lo": 0.39285714285714285,
      "mean": 0.5119047619047619,
      "n": 42,
      "num_resamples": 1000
    },
    "claim_citation_alignment": {
      "alpha": 0.05,
      "ci_hi": 1.0,
      "ci_lo": 0.9210526315789473,
      "mean": 0.9736842105263158,
      "n": 38,
      "num_resamples": 1000
    },
    "comparison_pool_recall": {
      "alpha": 0.05,
      "ci_hi": 1.0,
      "ci_lo": 0.8333333333333334,
      "mean": 0.9444444444444444,
      "n": 9,
      "num_resamples": 1000
    },
    "comparison_target_recall": {
      "alpha": 0.05,
      "ci_hi": 1.0,
      "ci_lo": 0.6666666666666666,
      "mean": 0.8333333333333334,
      "n": 9,
      "num_resamples": 1000
    },
    "groundedness": {
      "alpha": 0.05,
      "ci_hi": 0.8333333333333334,
      "ci_lo": 0.5714285714285714,
      "mean": 0.7142857142857143,
      "n": 42,
      "num_resamples": 1000
    },
    "retry": {
      "alpha": 0.05,
      "ci_hi": 0.0,
      "ci_lo": 0.0,
      "mean": 0.0,
      "n": 42,
      "num_resamples": 1000
    }
  },
  "citation_grounding": null,
  "citation_precision": 0.5119047619047619,
  "claim_citation_alignment": 0.9736842105263158,
  "groundedness": 0.7142857142857143,
  "latency": {
    "mean": 3.566190476190477,
    "p50": 3.335,
    "p95": 6.252499999999996
  },
  "num_predictions": 42,
  "pipeline": "naive_baseline",
  "primary_run": "naive_baseline",
  "prompt_profile": "minimal_grounded_extractive",
  "provenance": {
    "generated_at": "2026-05-12T18:57:13.435838Z",
    "git_commit": "dc0d0f111406",
    "git_dirty": false
  },
  "retry": 0.0,
  "retry_effectiveness": {
    "cases_with_retry": 0,
    "cases_without_retry": 32
  },
  "retry_reason_counts": {},
  "run_manifest": {
    "config_sha256": "c540239e7e68013e",
    "generated_at": "2026-05-12T18:57:13.243531Z",
    "git_commit": "dc0d0f111406",
    "git_dirty": false
  },
  "stage_latency": {
    "answer_generation_ms": {
      "mean": 0.5097560975609756,
      "p50": 0.55,
      "p95": 0.8
    },
    "context_resolution_ms": {
      "mean": 0.004634146341463414,
      "p50": 0.0,
      "p95": 0.03
    },
    "query_analysis_ms": {
      "mean": 1.9226829268292687,
      "p50": 1.55,
      "p95": 4.23
    },
    "retrieve_ms": {
      "mean": 0.28472222222222215,
      "p50": 0.28,
      "p95": 0.3025
    },
    "verify_ms": {
      "mean": 0.0,
      "p50": 0.0,
      "p95": 0.0
    }
  },
  "top_k": 4
}
