{
  "abstention": 0.3,
  "accuracy": 0.84375,
  "answer_format_compliance": 0.6666666666666666,
  "by_query_type": {
    "abstention": {
      "abstention": 0.2222222222222222,
      "answer_format_compliance": 0.2222222222222222,
      "groundedness": 0.2222222222222222,
      "num_predictions": 9
    },
    "comparison": {
      "accuracy": 0.7,
      "answer_format_compliance": 0.6,
      "groundedness": 0.7,
      "num_predictions": 10
    },
    "follow_up": {
      "abstention": 1.0,
      "accuracy": 0.75,
      "answer_format_compliance": 0.7777777777777778,
      "groundedness": 0.7777777777777778,
      "num_predictions": 9
    },
    "single_doc": {
      "accuracy": 1.0,
      "answer_format_compliance": 0.9285714285714286,
      "groundedness": 1.0,
      "num_predictions": 14
    }
  },
  "citation_grounding": null,
  "citation_precision": 0.5119047619047619,
  "claim_citation_alignment": 0.9736842105263158,
  "groundedness": 0.7142857142857143,
  "latency": {
    "mean": 3.590952380952381,
    "p50": 3.315,
    "p95": 6.449499999999996
  },
  "num_predictions": 42,
  "pipeline": "naive_baseline",
  "primary_run": "naive_baseline",
  "prompt_profile": "minimal_grounded_extractive",
  "provenance": {
    "generated_at": "2026-05-11T12:07:30.553915Z",
    "git_commit": "f35c684e93b2",
    "git_dirty": false
  },
  "retry": 0.0,
  "retry_reason_counts": {},
  "stage_latency": {
    "answer_generation_ms": {
      "mean": 0.5214634146341464,
      "p50": 0.55,
      "p95": 0.85
    },
    "context_resolution_ms": {
      "mean": 0.004390243902439024,
      "p50": 0.0,
      "p95": 0.03
    },
    "query_analysis_ms": {
      "mean": 1.9663414634146337,
      "p50": 1.61,
      "p95": 4.34
    },
    "retrieve_ms": {
      "mean": 0.30499999999999994,
      "p50": 0.295,
      "p95": 0.37
    },
    "verify_ms": {
      "mean": 0.0,
      "p50": 0.0,
      "p95": 0.0
    }
  },
  "top_k": 4
}
