{
  "smaller": {
    "chunk_recall@5": {
      "overall": {
        "mean_diff": 0.010119029748097919,
        "ci_lo": -0.008107569941174881,
        "ci_hi": 0.034287232094260066,
        "n": 114,
        "num_resamples_per_seed": 1000,
        "seeds": [
          17,
          23,
          29
        ],
        "mean_current": 0.05464656210214159,
        "mean_other": 0.0647655918502395
      },
      "single_hop": {
        "mean_diff": 0.0059789489496076195,
        "ci_lo": -0.010321993157425135,
        "ci_hi": 0.028453599749619425,
        "n": 112,
        "num_resamples_per_seed": 1000,
        "seeds": [
          17,
          23,
          29
        ],
        "mean_current": 0.050853724737082426,
        "mean_other": 0.056832673686690045
      },
      "multi_hop": {
        "mean_diff": -0.01607289107289107,
        "ci_lo": -0.01607289107289107,
        "ci_hi": -0.01607289107289107,
        "n": 1,
        "num_resamples_per_seed": 1000,
        "seeds": [
          17,
          23,
          29
        ],
        "mean_current": 0.03409090909090909,
        "mean_other": 0.018018018018018018
      },
      "no_answer": {
        "mean_diff": 0.5,
        "ci_lo": 0.5,
        "ci_hi": 0.5,
        "n": 1,
        "num_resamples_per_seed": 1000,
        "seeds": [
          17,
          23,
          29
        ],
        "mean_current": 0.5,
        "mean_other": 1.0
      }
    },
    "chunk_recall@10": {
      "overall": {
        "mean_diff": 0.01409530981472186,
        "ci_lo": -0.007392855410351405,
        "ci_hi": 0.039992927870099365,
        "n": 114,
        "num_resamples_per_seed": 1000,
        "seeds": [
          17,
          23,
          29
        ],
        "mean_current": 0.06381137998406473,
        "mean_other": 0.07790668979878657
      },
      "single_hop": {
        "mean_diff": 0.010148718514905758,
        "ci_lo": -0.01052214782778739,
        "ci_hi": 0.03461875324730912,
        "n": 112,
        "num_resamples_per_seed": 1000,
        "seeds": [
          17,
          23,
          29
        ],
        "mean_current": 0.059979278003260694,
        "mean_other": 0.07012799651816644
      },
      "multi_hop": {
        "mean_diff": -0.029791154791154788,
        "ci_lo": -0.029791154791154788,
        "ci_hi": -0.029791154791154788,
        "n": 1,
        "num_resamples_per_seed": 1000,
        "seeds": [
          17,
          23,
          29
        ],
        "mean_current": 0.056818181818181816,
        "mean_other": 0.02702702702702703
      },
      "no_answer": {
        "mean_diff": 0.5,
        "ci_lo": 0.5,
        "ci_hi": 0.5,
        "n": 1,
        "num_resamples_per_seed": 1000,
        "seeds": [
          17,
          23,
          29
        ],
        "mean_current": 0.5,
        "mean_other": 1.0
      }
    },
    "mrr": {
      "overall": {
        "mean_diff": 0.06970430884904566,
        "ci_lo": 0.01986247548747549,
        "ci_hi": 0.12221999674302306,
        "n": 114,
        "num_resamples_per_seed": 1000,
        "seeds": [
          17,
          23,
          29
        ],
        "mean_current": 0.12863766350608455,
        "mean_other": 0.19834197235513024
      },
      "single_hop": {
        "mean_diff": 0.07764545722135005,
        "ci_lo": 0.027955918606030215,
        "ci_hi": 0.1300204999200535,
        "n": 112,
        "num_resamples_per_seed": 1000,
        "seeds": [
          17,
          23,
          29
        ],
        "mean_current": 0.11754190749726463,
        "mean_other": 0.19518736471861473
      },
      "multi_hop": {
        "mean_diff": -0.75,
        "ci_lo": -0.75,
        "ci_hi": -0.75,
        "n": 1,
        "num_resamples_per_seed": 1000,
        "seeds": [
          17,
          23,
          29
        ],
        "mean_current": 1.0,
        "mean_other": 0.25
      },
      "no_answer": {
        "mean_diff": 0.0,
        "ci_lo": 0.0,
        "ci_hi": 0.0,
        "n": 1,
        "num_resamples_per_seed": 1000,
        "seeds": [
          17,
          23,
          29
        ],
        "mean_current": 0.5,
        "mean_other": 0.5
      }
    },
    "ndcg@10": {
      "overall": {
        "mean_diff": 0.02475449029090486,
        "ci_lo": 0.0013441868146689866,
        "ci_hi": 0.05147367072663068,
        "n": 114,
        "num_resamples_per_seed": 1000,
        "seeds": [
          17,
          23,
          29
        ],
        "mean_current": 0.06687331871370643,
        "mean_other": 0.09162780900461129
      },
      "single_hop": {
        "mean_diff": 0.026081939832973494,
        "ci_lo": 0.0033735241557085924,
        "ci_hi": 0.05245635369680805,
        "n": 112,
        "num_resamples_per_seed": 1000,
        "seeds": [
          17,
          23,
          29
        ],
        "mean_current": 0.0592422630417085,
        "mean_other": 0.08532420287468198
      },
      "multi_hop": {
        "mean_diff": -0.343242314466791,
        "ci_lo": -0.343242314466791,
        "ci_hi": -0.343242314466791,
        "n": 1,
        "num_resamples_per_seed": 1000,
        "seeds": [
          17,
          23,
          29
        ],
        "mean_current": 0.6015720654566381,
        "mean_other": 0.2583297509898471
      },
      "no_answer": {
        "mean_diff": 0.2440769463369159,
        "ci_lo": 0.2440769463369159,
        "ci_hi": 0.2440769463369159,
        "n": 1,
        "num_resamples_per_seed": 1000,
        "seeds": [
          17,
          23,
          29
        ],
        "mean_current": 0.38685280723454163,
        "mean_other": 0.6309297535714575
      }
    }
  },
  "larger": {
    "chunk_recall@5": {
      "overall": {
        "mean_diff": -0.0038623332131902735,
        "ci_lo": -0.032712860519341205,
        "ci_hi": 0.024154043426925162,
        "n": 114,
        "num_resamples_per_seed": 1000,
        "seeds": [
          17,
          23,
          29
        ],
        "mean_current": 0.05464656210214159,
        "mean_other": 0.05078422888895131
      },
      "single_hop": {
        "mean_diff": 0.0007098143616205629,
        "ci_lo": -0.028128690292121422,
        "ci_hi": 0.026953782832651832,
        "n": 112,
        "num_resamples_per_seed": 1000,
        "seeds": [
          17,
          23,
          29
        ],
        "mean_current": 0.050853724737082426,
        "mean_other": 0.051563539098702996
      },
      "multi_hop": {
        "mean_diff": -0.019805194805194805,
        "ci_lo": -0.019805194805194805,
        "ci_hi": -0.019805194805194805,
        "n": 1,
        "num_resamples_per_seed": 1000,
        "seeds": [
          17,
          23,
          29
        ],
        "mean_current": 0.03409090909090909,
        "mean_other": 0.014285714285714285
      },
      "no_answer": {
        "mean_diff": -0.5,
        "ci_lo": -0.5,
        "ci_hi": -0.5,
        "n": 1,
        "num_resamples_per_seed": 1000,
        "seeds": [
          17,
          23,
          29
        ],
        "mean_current": 0.5,
        "mean_other": 0.0
      }
    },
    "chunk_recall@10": {
      "overall": {
        "mean_diff": 0.01700467988581679,
        "ci_lo": -0.011138737056474203,
        "ci_hi": 0.05042841215810357,
        "n": 114,
        "num_resamples_per_seed": 1000,
        "seeds": [
          17,
          23,
          29
        ],
        "mean_current": 0.06381137998406473,
        "mean_other": 0.08081605986988151
      },
      "single_hop": {
        "mean_diff": 0.022152374772460542,
        "ci_lo": -0.006033152089875831,
        "ci_hi": 0.05502214681720621,
        "n": 112,
        "num_resamples_per_seed": 1000,
        "seeds": [
          17,
          23,
          29
        ],
        "mean_current": 0.059979278003260694,
        "mean_other": 0.08213165277572124
      },
      "multi_hop": {
        "mean_diff": -0.04253246753246753,
        "ci_lo": -0.04253246753246753,
        "ci_hi": -0.04253246753246753,
        "n": 1,