{
  "hybrid_bm25_k60_m3": {
    "chunk_recall@5": {
      "overall": {
        "mean_diff": 0.031595881595881614,
        "ci_lo": -0.04507936507936509,
        "ci_hi": 0.09876984126984126,
        "n": 37,
        "num_resamples_per_seed": 1000,
        "seeds": [
          17,
          23,
          29
        ],
        "mean_current": 0.3953024453024453,
        "mean_other": 0.4268983268983269
      },
      "uncategorized": {
        "mean_diff": 0.016666666666666607,
        "ci_lo": 0.0,
        "ci_hi": 0.05000000000000001,
        "n": 12,
        "num_resamples_per_seed": 1000,
        "seeds": [
          17,
          23,
          29
        ],
        "mean_current": 0.6763888888888889,
        "mean_other": 0.6930555555555555
      },
      "long_context": {
        "mean_diff": 0.08333333333333331,
        "ci_lo": 0.0,
        "ci_hi": 0.16666666666666666,
        "n": 2,
        "num_resamples_per_seed": 1000,
        "seeds": [
          17,
          23,
          29
        ],
        "mean_current": 0.2,
        "mean_other": 0.2833333333333333
      },
      "distractor_heavy": {
        "mean_diff": -0.01428571428571429,
        "ci_lo": -0.3904761904761905,
        "ci_hi": 0.26190476190476186,
        "n": 7,
        "num_resamples_per_seed": 1000,
        "seeds": [
          17,
          23,
          29
        ],
        "mean_current": 0.3761904761904762,
        "mean_other": 0.3619047619047619
      },
      "no_answer": {
        "mean_diff": 0.0,
        "ci_lo": 0.0,
        "ci_hi": 0.0,
        "n": 1,
        "num_resamples_per_seed": 1000,
        "seeds": [
          17,
          23,
          29
        ],
        "mean_current": 1.0,
        "mean_other": 1.0
      },
      "multi_hop": {
        "mean_diff": 0.04037698412698412,
        "ci_lo": -0.08079365079365079,
        "ci_hi": 0.13942542989417986,
        "n": 24,
        "num_resamples_per_seed": 1000,
        "seeds": [
          17,
          23,
          29
        ],
        "mean_current": 0.24623015873015874,
        "mean_other": 0.28660714285714284
      },
      "ambiguous_query": null
    },
    "chunk_recall@10": {
      "overall": {
        "mean_diff": 0.030501930501930508,
        "ci_lo": -0.064021879021879,
        "ci_hi": 0.12225010725010725,
        "n": 37,
        "num_resamples_per_seed": 1000,
        "seeds": [
          17,
          23,
          29
        ],
        "mean_current": 0.5034105534105534,
        "mean_other": 0.5339124839124839
      },
      "uncategorized": {
        "mean_diff": 0.04583333333333339,
        "ci_lo": -0.06944444444444443,
        "ci_hi": 0.20468749999999997,
        "n": 12,
        "num_resamples_per_seed": 1000,
        "seeds": [
          17,
          23,
          29
        ],
        "mean_current": 0.7666666666666666,
        "mean_other": 0.8125
      },
      "long_context": {
        "mean_diff": -0.10000000000000003,
        "ci_lo": -0.20000000000000007,
        "ci_hi": 0.0,
        "n": 2,
        "num_resamples_per_seed": 1000,
        "seeds": [
          17,
          23,
          29
        ],
        "mean_current": 0.48333333333333334,
        "mean_other": 0.3833333333333333
      },
      "distractor_heavy": {
        "mean_diff": -0.014285714285714235,
        "ci_lo": -0.3904761904761905,
        "ci_hi": 0.2619047619047619,
        "n": 7,
        "num_resamples_per_seed": 1000,
        "seeds": [
          17,
          23,
          29
        ],
        "mean_current": 0.6523809523809524,
        "mean_other": 0.638095238095238
      },
      "no_answer": {
        "mean_diff": 0.0,
        "ci_lo": 0.0,
        "ci_hi": 0.0,
        "n": 1,
        "num_resamples_per_seed": 1000,
        "seeds": [
          17,
          23,
          29
        ],
        "mean_current": 1.0,
        "mean_other": 1.0
      },
      "multi_hop": {
        "mean_diff": 0.024107142857142827,
        "ci_lo": -0.10690724206349206,
        "ci_hi": 0.14505456349206347,
        "n": 24,
        "num_resamples_per_seed": 1000,
        "seeds": [
          17,
          23,
          29
        ],
        "mean_current": 0.3510912698412698,
        "mean_other": 0.3751984126984127
      },
      "ambiguous_query": null
    },
    "mrr": {
      "overall": {
        "mean_diff": 0.10698525830104766,
        "ci_lo": 0.03308560413823571,
        "ci_hi": 0.18964415724284145,
        "n": 37,
        "num_resamples_per_seed": 1000,
        "seeds": [
          17,
          23,
          29
        ],
        "mean_current": 0.44297116665537717,
        "mean_other": 0.5499564249564249
      },
      "uncategorized": {
        "mean_diff": -0.02314814814814825,
        "ci_lo": -0.052507716049382716,
        "ci_hi": 0.0,
        "n": 12,
        "num_resamples_per_seed": 1000,
        "seeds": [
          17,
          23,
          29
        ],
        "mean_current": 0.7222222222222222,
        "mean_other": 0.6990740740740741
      },
      "long_context": {
        "mean_diff": 0.41666666666666663,
        "ci_lo": 0.0,
        "ci_hi": 0.8333333333333334,
        "n": 2,
        "num_resamples_per_seed": 1000,
        "seeds": [
          17,
          23,
          29
        ],
        "mean_current": 0.5833333333333334,
        "mean_other": 1.0
      },
      "distractor_heavy": {
        "mean_diff": 0.16519789734075452,
        "ci_lo": -0.036599412492269626,
        "ci_hi": 0.39070037105751393,
        "n": 7,
        "num_resamples_per_seed": 1000,
        "seeds": [
          17,
          23,
          29
        ],
        "mean_current": 0.2704081632653061,
        "mean_other": 0.4356060606060606
      },
      "no_answer": {
        "mean_diff": 0.0,
        "ci_lo": 0.0,
        "ci_hi": 0.0,
        "n": 1,
        "num_resamples_per_seed": 1000,
        "seeds": [
          17,
          23,
          29
        ],
        "mean_current": 1.0,
        "mean_other": 1.0
      },
      "multi_hop": {
        "mean_diff": 0.1556763472881894,
        "ci_lo": 0.05658252667572843,
        "ci_hi": 0.262772370173686,
        "n": 24,
        "num_resamples_per_seed": 1000,
        "seeds": [
          17,
          23,
          29
        ],
        "mean_current": 0.30096943748259536,
        "mean_other": 0.45664578477078477
      },
      "ambiguous_query": null
    },
    "ndcg@10": {
      "overall": {
        "mean_diff": 0.06484498269043948,
        "ci_lo": -0.004839936999141219,
        "ci_hi": 0.1375088396028056,
        "n": 37,
        "num_resamples_per_seed": 1000,
        "seeds": [
          17,
          23,
          29
        ],
        "mean_current": 0.41237201457518646,
        "mean_other": 0.47721699726562594
      },
      "uncategorized": {
        "mean_diff": 0.023841567360606497,
        "ci_lo": -0.04401824297347289,
        "ci_hi": 0.12155153602213904,
        "n": 12,
        "num_resamples_per_seed": 1000,
        "seeds": [
          17,
          23,
          29
        ],
        "mean_current": 0.6964986537442136,
        "mean_other": 0.7203402211048201
      },
      "long_context": {
        "mean_diff": 0.04938806662099954,
        "ci_lo": -0.09603712573230339,
        "ci_hi": 0.19481325897430252,
        "n": 2,
        "num_resamples_per_seed": 1000,
        "seeds": [
          17,
          23,
          29
        ],
        "mean_current": 0.43501307601141503,
        "mean_other": 0.48440114263241457
      },
      "distractor_heavy": {
        "mean_diff": 0.06201937554854303,
        "ci_lo": -0.16308084284393584,
        "ci_hi": 0.25952206978359194,
        "n": 7,
        "num_resamples_per_seed": 1000,
        "seeds": [
          17,
          23,
          29
        ],
        "mean_current": 0.3611882748462892,
        "mean_other": 0.4232076503948322
      },
      "no_answer": {
        "mean_diff": 0.0,
        "ci_lo": 0.0,
        "ci_hi": 0.0,
        "n": 1,