{
  "axis1_retrieval_efficiency": {
    "metadata_candidate_pool": {
      "mean": 2.038095238095238,
      "n": 105,
      "p10": 1.0,
      "p50": 2.0,
      "p90": 4.0,
      "p95": 4.0
    },
    "mrr": {
      "mean": 0.8252032520325203,
      "n": 82,
      "p10": 0.25,
      "p50": 1.0,
      "p90": 1.0,
      "p95": 1.0
    },
    "n_cases": 105,
    "n_cases_with_gold_chunks": 82,
    "ndcg": {
      "at_10": {
        "mean": 0.8158897747592005,
        "n": 82,
        "p10": 0.31460151746791043,
        "p50": 1.0,
        "p90": 1.0,
        "p95": 1.0
      },
      "at_20": {
        "mean": 0.8158897747592005,
        "n": 82,
        "p10": 0.31460151746791043,
        "p50": 1.0,
        "p90": 1.0,
        "p95": 1.0
      }
    },
    "recall": {
      "at_10": {
        "mean": 0.8638211382113821,
        "n": 82,
        "p10": 0.2749999999999999,
        "p50": 1.0,
        "p90": 1.0,
        "p95": 1.0
      },
      "at_20": {
        "mean": 0.8638211382113821,
        "n": 82,
        "p10": 0.2749999999999999,
        "p50": 1.0,
        "p90": 1.0,
        "p95": 1.0
      },
      "at_5": {
        "mean": 0.8638211382113821,
        "n": 82,
        "p10": 0.2749999999999999,
        "p50": 1.0,
        "p90": 1.0,
        "p95": 1.0
      }
    },
    "selected_top_k_histogram": {
      "4": 92
    }
  },
  "axis2_reranker_contribution": {
    "rerank_delta_mrr": {
      "mean_delta": null,
      "n_cases_with_rerank": 0,
      "n_improved": 0,
      "n_regressed": 0,
      "n_unchanged": 0,
      "p50_delta": null,
      "share_improved": null,
      "share_regressed": null,
      "share_unchanged": null
    },
    "rerank_delta_ndcg_at_10": {
      "mean_delta": null,
      "n_cases_with_rerank": 0,
      "n_improved": 0,
      "n_regressed": 0,
      "n_unchanged": 0,
      "p50_delta": null,
      "share_improved": null,
      "share_regressed": null,
      "share_unchanged": null
    }
  },
  "axis3_verification_retry": {
    "attempts_distribution": {
      "1": 105
    },
    "baseline_retry_effectiveness": {
      "cases_with_retry": 6,
      "cases_without_retry": 11,
      "ci": {
        "recovery_rate": {
          "alpha": 0.05,
          "ci_hi": 0.6666666666666666,
          "ci_lo": 0.0,
          "mean": 0.3333333333333333,
          "n": 6,
          "num_resamples": 1000
        },
        "residual_failure_rate": {
          "alpha": 0.05,
          "ci_hi": 1.0,
          "ci_lo": 0.3333333333333333,
          "mean": 0.6666666666666666,
          "n": 6,
          "num_resamples": 1000
        }
      },
      "recovery_rate": 0.3333333333333333,
      "residual_failure_rate": 0.6666666666666666,
      "retry_lift_vs_no_retry": -0.2121212121212121,
      "retry_resolution_rate": 0.5
    },
    "baseline_retry_reason_counts": {
      "topic_not_grounded": 13
    },
    "n_cases": 105,
    "retry_reason_counts_case_level": {},
    "verify_breakdown": {
      "no_attempts_logged": 13,
      "not_verified": 0,
      "verified": 92
    },
    "verify_rate": 1.0
  },
  "axis4_stage_latency": {
    "baseline_e2e_latency": {
      "mean": 136.87190476190474,
      "p50": 139.5,
      "p95": 234.33
    },
    "baseline_stage_latency": {
      "answer_generation_ms": {
        "mean": 1.006,
        "p50": 0.7250000000000001,
        "p95": 2.851500000000002
      },
      "context_resolution_ms": {
        "mean": 0.004999999999999999,
        "p50": 0.0,
        "p95": 0.010500000000000008
      },
      "query_analysis_ms": {
        "mean": 78.425,
        "p50": 77.495,
        "p95": 125.6855
      },
      "retrieve_ms": {
        "mean": 28.40291666666667,
        "p50": 23.22,
        "p95": 89.49099999999991
      },
      "verify_ms": {
        "mean": 7.974166666666668,
        "p50": 5.220000000000001,
        "p95": 32.22949999999996
      }
    },
    "cold_vs_warm": {
      "cold": {
        "e2e": {
          "mean": 2.64,
          "n": 1,
          "p10": 2.64,
          "p50": 2.64,
          "p90": 2.64,
          "p95": 2.64
        },
        "n": 1,
        "per_stage": {
          "answer_generation_ms": {
            "mean": 0.35,
            "n": 1,
            "p10": 0.35,
            "p50": 0.35,
            "p90": 0.35,
            "p95": 0.35
          },
          "context_resolution_ms": {
            "mean": 0.0,
            "n": 1,
            "p10": 0.0,
            "p50": 0.0,
            "p90": 0.0,
            "p95": 0.0
          },
          "query_analysis_ms": {
            "mean": 0.91,
            "n": 1,
            "p10": 0.91,
            "p50": 0.91,
            "p90": 0.91,
            "p95": 0.91
          },
          "retrieve_ms": {
            "mean": null,
            "n": 0,
            "p10": null,
            "p50": null,
            "p90": null,
            "p95": null
          },
          "verify_ms": {
            "mean": null,
            "n": 0,
            "p10": null,
            "p50": null,
            "p90": null,
            "p95": null
          }
        }
      },
      "warm": {
        "e2e": {
          "mean": 2.1307692307692307,
          "n": 104,
          "p10": 1.391,
          "p50": 2.01,
          "p90": 3.01,
          "p95": 3.416999999999999
        },
        "n": 104,
        "per_stage": {
          "answer_generation_ms": {
            "mean": 0.2460576923076923,
            "n": 104,
            "p10": 0.0,
            "p50": 0.265,
            "p90": 0.38,
            "p95": 0.4184999999999999
          },
          "context_resolution_ms": {
            "mean": 0.000673076923076923,
            "n": 104,
            "p10": 0.0,
            "p50": 0.0,
            "p90": 0.0,
            "p95": 0.008499999999999943
          },
          "query_analysis_ms": {
            "mean": 1.3180769230769231,
            "n": 104,
            "p10": 0.665,
            "p50": 1.1549999999999998,
            "p90": 2.0469999999999997,
            "p95": 2.564499999999999
          },
          "retrieve_ms": {
            "mean": null,
            "n": 0,
            "p10": null,
            "p50": null,
            "p90": null,
            "p95": null
          },
          "verify_ms": {
            "mean": null,
            "n": 0,
            "p10": null,
            "p50": null,
            "p90": null,
            "p95": null
          }
        }
      }
    },
    "e2e_latency_ms": {
      "mean": 2.1356190476190475,
      "n": 105,
      "p10": 1.3980000000000001,
      "p50": 2.01,
      "p90": 3.01,
      "p95": 3.4059999999999997
    },
    "per_stage": {
      "answer_generation_ms": {
        "mean": 0.24704761904761904,
        "n": 105,
        "p10": 0.0,
        "p50": 0.27,
        "p90": 0.38,
        "p95": 0.4179999999999999,
        "share_of_e2e": 0.11567962896896185
      },
      "context_resolution_ms": {
        "mean": 0.0006666666666666666,
        "n": 105,
        "p10": 0.0,
        "p50": 0.0,
        "p90": 0.0,
        "p95": 0.007999999999999972,
        "share_of_e2e": 0.0003121655369247236
      },
      "query_analysis_ms": {
        "mean": 1.3141904761904761,
        "n": 105,
        "p10": 0.67,
        "p50": 1.15,
        "p90": 2.046,
        "p95": 2.555999999999999,
        "share_of_e2e": 0.6153674634320372
      },
      "retrieve_ms": {
        "mean": null,
        "n": 0,
        "p10": null,
        "p50": null,
        "p90": null,
        "p95": null,
        "share_of_e2e": null
      },
      "verify_ms": {
        "mean": null,
        "n": 0,
        "p10": null,
        "p50": null,
        "p90": null,
        "p95": null,
        "share_of_e2e": null
      }
    }
  },
  "axis5_answer_synthesis": {
    "abstention_by_query_type": {
      "abstention": {
        "abstained": 5,
        "n": 22,
        "rate": 0.22727272727272727
      },
      "comparison": {
        "abstained": 0,
        "n": 25,
        "rate": 0.0
      },